"","probsuccess","lci","uci","year"
"1",0.644531175189525,0.519740764447248,0.769321585931802,"1994"
"2",0.672000351378644,0.564642406194447,0.779358296562841,"1995"
"3",0.824674159287168,0.746571623710324,0.902776694864013,"1996"
"4",0.8123060252024,0.741345392550737,0.883266657854064,"1997"
"5",0.844204733407503,0.763142390680916,0.925267076134091,"1998"
"6",0.696696958812408,0.607693429627908,0.785700487996909,"1999"
"7",0.822697338427297,0.743838690920759,0.901555985933834,"2000"
"8",0.0068341158419944,-0.00843510909838258,0.0221033407823714,"2001"
"9",0.782820410930494,0.705897818665891,0.859743003195098,"2002"
"10",0.482165013656836,0.388111625454816,0.576218401858857,"2003"
"11",0.802025766631215,0.721992633776198,0.882058899486231,"2004"
"12",0.872907514719116,0.805461556011853,0.94035347342638,"2005"
"13",0.757992733065946,0.681148881589172,0.834836584542721,"2006"
"14",0.922661876237605,0.876597601605543,0.968726150869666,"2007"
"15",0.67001240687661,0.578339208826236,0.761685604926984,"2008"
"16",0.686086441853134,0.577795149842876,0.794377733863393,"2009"
"17",0.76068213183099,0.66697284820951,0.85439141545247,"2010"
"18",0.615437498289759,0.508910661603734,0.721964334975784,"2011"
"19",0.717671642045487,0.622150130796037,0.813193153294938,"2012"
"20",0.555686507961559,0.377032803214734,0.734340212708384,"2013"
"21",0.687603095458781,0.549454076130098,0.825752114787465,"2014"
"22",0.110626443928124,0.0364219602485726,0.184830927607676,"2015"
"23",0.639673160196577,0.535176914952247,0.744169405440907,"2019"
"24",0.778320840706741,0.709980820405172,0.846660861008311,"2021"
"25",0.148234598767626,0.0366640008232549,0.259805196711997,"2022"
"26",0.595170332963516,0.465474212736437,0.724866453190594,"2023"
"27",0.749947977135818,0.62188172911308,0.878014225158557,"2024"
"28",0.24547295397109,0.0404974033421974,0.450448504599982,"2025"
"29",0.805789278685524,0.653240048153443,0.958338509217605,"2026"
