"","id_nest","ID_tblNest","id_yrNest","Found","LastPres","LastCheck","Fate","dt_Hatch","is_flagCollected","notes_nest","Year","dt_visit","cat_nestStatus","maxAge","estHatch","daysToHatch","Hatch_Date","Init","AgeDay1","FirstFound","LastPresent","LastChecked"
"1","AFM002",234,"2023AFM002",154,170,170,"0",170,NA,NA,"2023",2023-06-04,"incubate",11,167,13,170,146,10,18,34,34
"2","AFM003",280,"2023AFM003",156,172,172,"0",172,NA,NA,"2023",2023-06-13,"incubate",22,165,2,172,148,12,20,36,36
"3","AFM004",281,"2023AFM004",156,177,177,"0",177,NA,NA,"2023",2023-06-26,"incubate",23,177,1,177,153,17,20,41,41
"4","AFM005",294,"2023AFM005",157,172,172,"0",172,NA,NA,"2023",2023-06-17,"incubate",22,169,2,172,148,12,21,36,36
"5","AFM006",295,"2023AFM006",157,170,173,"1",0,NA,NA,"2023",2023-06-20,"incubate",18,176,6,176,152,16,21,34,37
"6","AFM007",296,"2023AFM007",157,172,172,"0",172,NA,NA,"2023",2023-06-19,"incubate",21,172,3,172,148,12,21,36,36
"7","AFM008",297,"2023AFM008",157,170,170,"0",170,NA,NA,"2023",2023-06-20,"incubate",24,170,0,170,146,10,21,34,34
"8","AFM009",298,"2023AFM009",157,168,168,"0",168,NA,NA,"2023",2023-06-07,"incubate",20,161,4,168,144,8,21,32,32
"9","AFM010",313,"2023AFM010",162,162,166,"1",0,NA,NA,"2023",2023-06-12,"incubate",20,166,4,166,142,6,26,26,30
"10","AFM011",314,"2023AFM011",162,170,174,"1",0,NA,NA,"2023",2023-06-27,"incubate",-9,210,33,174,149,13,26,34,38
"11","AFM012",324,"2023AFM012",164,184,184,"0",184,NA,NA,"2023",2023-06-28,"incubate",18,184,6,184,160,24,28,48,48
"12","AFM013",326,"2023AFM013",164,178,178,"0",178,NA,NA,"2023",2023-06-28,"incubate",20,182,4,178,154,18,28,42,42
"13","AFM014",327,"2023AFM014",164,168,168,"0",168,NA,NA,"2023",2023-06-14,"incubate",23,165,1,168,144,8,28,32,32
"14","AFM015",333,"2023AFM015",166,178,178,"0",178,NA,NA,"2023",2023-06-28,"incubate",20,182,4,178,154,18,30,42,42
"15","AFM101",117,"2024AFM101",154,154,174,"1",0,NA,NA,"2024",2024-06-03,"incubate",4,174,20,174,150,14,18,18,38
"16","AFM102",172,"2024AFM102",158,182,182,"0",182,NA,NA,"2024",2024-06-28,"incubate",21,182,3,182,158,22,22,46,46
"17","AFM103",173,"2024AFM103",158,175,175,"0",175,NA,NA,"2024",2024-06-20,"incubate",20,175,4,175,151,15,22,39,39
"18","AFM104",198,"2024AFM104",159,176,176,"0",176,NA,NA,"2024",2024-06-25,"incubate",23,177,1,176,152,16,23,40,40
"19","AFM105",225,"2024AFM105",160,180,180,"0",180,NA,NA,"2024",2024-06-19,"incubate",18,176,6,180,156,20,24,44,44
"20","AFM106",239,"2024AFM106",161,179,179,"0",179,NA,NA,"2024",2024-06-25,"incubate",23,177,1,179,155,19,25,43,43
"21","AFM107",240,"2024AFM107",161,171,171,"0",171,NA,NA,"2024",2024-06-10,"incubate",18,167,6,171,147,11,25,35,35
"22","AFM108",241,"2024AFM108",161,174,174,"0",174,NA,NA,"2024",2024-06-15,"incubate",21,169,3,174,150,14,25,38,38
"23","AFM109",247,"2024AFM109",162,169,169,"0",169,NA,NA,"2024",2024-06-18,"incubate",11,182,13,169,145,9,26,33,33
"24","AFM110",288,"2024AFM110",164,172,172,"0",172,NA,NA,"2024",2024-06-13,"incubate",18,170,6,172,148,12,28,36,36
"25","AFM111",296,"2024AFM111",166,179,179,"0",179,NA,NA,"2024",2024-06-28,"incubate",18,185,6,179,155,19,30,43,43
"26","AFM112",297,"2024AFM112",166,177,177,"0",177,NA,"Band initially read as V13, but photo shows the code is actually V83 and bird has a PTT antenna visibile","2024",2024-06-15,"incubate",18,172,6,177,153,17,30,41,41
"27","AFM113",301,"2024AFM113",169,172,172,"0",172,NA,NA,"2024",2024-06-19,"incubate",22,172,2,172,148,12,33,36,36
"28","AFM114",309,"2024AFM114",171,195,195,"0",195,NA,NA,"2024",2024-06-25,"incubate",4,196,20,195,171,35,35,59,59
"29","AFM115",310,"2024AFM115",171,183,183,"0",183,NA,NA,"2024",2024-06-22,"incubate",18,179,6,183,159,23,35,47,47
"30","AFM201",57,"2025AFM201",143,143,150,"1",0,NA,"Bird had yellow band with unread code; no ibutton","2025",2025-05-24,"laying",2,165,22,165,141,5,7,7,14
"31","AFM202",58,"2025AFM202",143,167,167,"0",167,NA,NA,"2025",2025-05-31,"incubate",11,163,13,167,143,7,7,31,31
"32","AFM207",217,"2025AFM207",156,160,160,"0",160,NA,NA,"2025",2025-06-09,"incubate",21,162,3,160,136,0,20,24,24
"33","AFM208",228,"2025AFM208",157,165,165,"0",165,NA,NA,"2025",2025-06-12,"incubate",23,163,1,165,141,5,21,29,29
"34","AFM209",229,"2025AFM209",157,167,167,"1",0,NA,"Bird returned to nest after failed trap, but departed nest permanently after about 2 hr.","2025",2025-06-16,"incubate",20,170,4,170,146,10,21,31,31
"35","AFM210",233,"2025AFM210",159,171,171,"0",171,NA,NA,"2025",2025-06-13,"incubate",20,167,4,171,147,11,23,35,35
"36","AFM211",241,"2025AFM211",162,162,163,"1",0,NA,"nest temp data show hen never returned to nest after first visit","2025",2025-06-12,"incubate",11,175,13,175,151,15,26,26,27
"37","AFM212",242,"2025AFM212",163,162,164,"1",0,NA,NA,"2025",2025-06-13,"incubate",11,176,13,176,152,16,27,26,28
"38","AGB017",1553,"2019AGB017",146,159,159,"0",159,NA,"FLAT 3M NORTH ON OPPOSITE BANK","2019",2019-06-09,"incubate",23,160,1,159,135,-1,10,23,23
"39","AGB019",1554,"2019AGB019",138,157,157,"0",157,NA,"FLAG SOUTH 3M","2019",2019-05-27,"incubate",11,159,13,157,133,-3,2,21,21
"40","AGB025",1555,"2019AGB025",139,139,152,"1",0,NA,NA,"2019",2019-05-20,"laying",2,161,22,161,137,1,3,3,16
"41","AGB033",1629,"2019AGB033",140,140,153,"1",0,NA,"OFF PLOT BUT CLOSEST TO 3","2019",2019-05-21,"laying",2,162,22,162,138,2,4,4,17
"42","AGB035",1630,"2019AGB035",140,140,160,"1",0,NA,"RESIGHT BUT NO READ","2019",2019-05-21,"laying",2,162,22,162,138,2,4,4,24
"43","AGB041",1631,"2019AGB041",147,163,163,"0",163,NA,NA,"2019",2019-05-28,"incubate",9,162,15,163,139,3,11,27,27
"44","AGB047",1632,"2019AGB047",143,169,169,"1",0,NA,NA,"2019",2019-06-13,"incubate",23,164,1,164,140,4,7,33,33
"45","AGB048",1633,"2019AGB048",143,143,161,"1",0,NA,"EGG COOL- NO DOWN- FLAG 5M NORTH ON BANK","2019",NA,NA,NA,NA,NA,NA,149,13,7,7,25
"46","AGB049",1634,"2019AGB049",143,159,159,"0",159,NA,NA,"2019",2019-05-24,"incubate",8,159,16,159,135,-1,7,23,23
"47","AGB050",1635,"2019AGB050",143,166,166,"0",166,NA,"FLAG 4M NORTH ON BANK","2019",2019-06-12,"incubate",21,165,3,166,142,6,7,30,30
"48","AGB051",1636,"2019AGB051",143,162,168,"1",0,NA,NA,"2019",2019-06-12,"incubate",22,164,2,164,140,4,7,26,32
"49","AGB052",1637,"2019AGB052",143,143,154,"1",0,NA,"EGGS COOL. 1 BROKEN- POSSIBLY BY HEN","2019",2019-05-24,"laying",2,165,22,165,141,5,7,7,18
"50","AGB053",1638,"2019AGB053",143,143,154,"1",0,NA,"EGG COLD- NOT MUCH DOWN- PERHAPS ABANDONED","2019",NA,NA,NA,NA,NA,NA,144,8,7,7,18
"51","AGB054",1639,"2019AGB054",143,165,165,"0",165,NA,NA,"2019",2019-05-24,"laying",2,165,22,165,141,5,7,29,29
"52","AGB055",1640,"2019AGB055",143,163,163,"0",163,NA,NA,"2019",2019-05-24,"incubate",8,159,16,163,139,3,7,27,27
"53","AGB056",1641,"2019AGB056",143,160,160,"0",160,NA,NA,"2019",2019-05-24,"incubate",8,159,16,160,136,0,7,24,24
"54","AGB057",1642,"2019AGB057",143,162,168,"1",0,NA,"FLAG 4M EAST ON BANK","2019",2019-06-12,"incubate",23,163,1,163,139,3,7,26,32
"55","AGB058",1643,"2019AGB058",143,164,164,"0",164,NA,NA,"2019",2019-06-11,"incubate",21,164,3,164,140,4,7,28,28
"56","AGB066",1645,"2019AGB066",145,166,166,"0",166,NA,NA,"2019",2019-05-26,"laying",2,167,22,166,142,6,9,30,30
"57","AGB069",1646,"2019AGB069",145,170,170,"1",0,NA,NA,"2019",2019-05-26,"incubate",8,161,16,161,137,1,9,34,34
"58","AGB072",1647,"2019AGB072",146,166,166,"0",166,NA,NA,"2019",2019-06-11,"incubate",23,162,1,166,142,6,10,30,30
"59","AGB073",1648,"2019AGB073",146,146,159,"1",0,NA,NA,"2019",2019-05-27,"laying",2,168,22,168,144,8,10,10,23
"60","AGB074",1649,"2019AGB074",146,167,167,"0",167,NA,NA,"2019",2019-05-27,"laying",2,168,22,167,143,7,10,31,31
"61","AGB075",1650,"2019AGB075",146,161,161,"0",161,NA,"FLAG SOUTH","2019",2019-06-06,"incubate",21,159,3,161,137,1,10,25,25
"62","AGB076",1651,"2019AGB076",147,165,165,"0",165,NA,NA,"2019",2019-05-28,"incubate",5,166,19,165,141,5,11,29,29
"63","AGB078",1652,"2019AGB078",147,166,166,"0",166,NA,"NO FLAG","2019",2019-05-28,"laying",3,168,21,166,142,6,11,30,30
"64","AGB079",1653,"2019AGB079",147,169,169,"0",169,NA,NA,"2019",2019-05-28,"laying",3,168,21,169,145,9,11,33,33
"65","AGB080",1596,"2019AGB080",148,163,163,"0",163,NA,"ONE COEI DUMP EGG; NO FLAG","2019",2019-06-08,"incubate",NA,NA,NA,163,139,3,12,27,27
"66","AGB081",1597,"2019AGB081",148,148,156,"1",0,NA,"NO FLAG","2019",2019-05-29,"laying",2,170,22,170,146,10,12,12,20
"67","AGB087",1504,"2019AGB087",156,163,164,"1",0,NA,NA,"2019",2019-06-06,"incubate",8,172,16,172,148,12,20,27,28
"68","AGB088",1503,"2019AGB088",156,169,169,"0",169,NA,NA,"2019",2019-06-19,"incubate",NA,NA,NA,169,145,9,20,33,33
"69","AGB092",1515,"2019AGB092",158,171,171,"0",171,NA,NA,"2019",2019-06-21,"incubate",21,174,3,171,147,11,22,35,35
"70","AGB093",1558,"2019AGB093",160,171,171,"0",171,NA,NA,"2019",2019-06-21,"incubate",14,181,10,171,147,11,24,35,35
"71","AGB095",1564,"2019AGB095",162,162,163,"1",0,NA,NA,"2019",2019-06-12,"incubate",23,163,1,163,139,3,26,26,27
"72","AWG037",1761,"2022AWG037",145,145,146,"1",0,NA,"iButton 74C deployed at 17:20","2022",2022-05-26,"incubate",2,167,22,167,143,7,9,9,10
"73","AWG043",1762,"2022AWG043",153,176,176,"0",176,NA,"iButton 269 deployed at 11:49.","2022",2022-06-03,"incubate",2,175,22,176,152,16,17,40,40
"74","AWG044",1763,"2022AWG044",153,172,172,"0",172,NA,"iButton E69 deployed at 12:16.; nest fate assessed in the field as abandoned, nest temp data indicate the nest was being incubated to the day the iButton was removed, therefore fate chanced from abandoned to active last check","2022",2022-06-03,"incubate",2,175,22,172,148,12,17,36,36
"75","AWG046",1764,"2022AWG046",157,157,158,"1",0,NA,"iButton 901 at 11:50","2022",2022-06-07,"incubate",4,177,20,177,153,17,21,21,22
"76","BLD202",1598,"2019BLD202",145,156,156,"0",156,NA,NA,"2019",2019-05-26,"incubate",11,158,13,156,132,-4,9,20,20
"77","BLD215",1599,"2019BLD215",145,162,162,"0",162,NA,NA,"2019",2019-06-09,"incubate",23,160,1,162,138,2,9,26,26
"78","BLD216",1600,"2019BLD216",138,165,165,"0",165,NA,NA,"2019",2019-05-26,"laying",2,167,22,165,141,5,2,29,29
"79","BLD218",1601,"2019BLD218",138,156,158,"1",0,NA,NA,"2019",2019-06-06,"incubate",21,159,3,159,135,-1,2,20,22
"80","BLD226",1602,"2019BLD226",139,139,160,"1",0,NA,NA,"2019",2019-05-25,"incubate",3,165,21,165,141,5,3,3,24
"81","BLD228",1603,"2019BLD228",139,163,163,"0",163,NA,NA,"2019",2019-05-20,"laying",2,161,22,163,139,3,3,27,27
"82","BLD235",1604,"2019BLD235",143,143,164,"1",0,NA,NA,"2019",2019-05-24,"incubate",3,164,21,164,140,4,7,7,28
"83","BLD254",1569,"2019BLD254",159,163,163,"0",163,NA,NA,"2019",2019-06-09,"incubate",23,160,1,163,139,3,23,27,27
"84","BLD255",1559,"2019BLD255",160,165,165,"0",165,NA,NA,"2019",2019-06-10,"incubate",21,163,3,165,141,5,24,29,29
"85","BLD720",1765,"2022BLD720",161,174,174,"0",174,NA,"""iButton 63F deployed at 08:47. Metal band for sure","2022",NA,NA,NA,NA,NA,174,150,14,25,38,38
"86","BLD721",1766,"2022BLD721",166,169,169,"0",169,NA,"""No iButton","2022",2022-06-16,"incubate",22,168,2,169,145,9,30,33,33
"87","CIC030",121,"2024CIC030",156,173,173,"0",173,NA,NA,"2024",2024-06-11,"incubate",12,174,12,173,149,13,20,37,37
"88","CIC032",122,"2024CIC032",156,177,177,"0",177,NA,"cat_fate initially recorded as 'eggs_missing' with eggs shells in nest bowl but no down or membranes observed. iButton data indicates nest hatched.","2024",2024-06-25,"incubate",23,177,1,177,153,17,20,41,41
"89","CIC033",123,"2024CIC033",156,176,176,"0",176,NA,NA,"2024",2024-06-22,"incubate",22,175,2,176,152,16,20,40,40
"90","CIC040",196,"2024CIC040",159,176,176,"0",176,NA,NA,"2024",2024-06-22,"incubate",22,175,2,176,152,16,23,40,40
"91","CIC043",197,"2024CIC043",159,159,166,"1",0,NA,NA,"2024",2024-06-08,"incubate",3,180,21,180,156,20,23,23,30
"92","CIC048",218,"2024CIC048",160,176,176,"0",176,NA,NA,"2024",2024-06-10,"incubate",11,174,13,176,152,16,24,40,40
"93","CIC054",246,"2024CIC054",162,178,178,"0",178,NA,NA,"2024",2024-06-18,"incubate",20,173,4,178,154,18,26,42,42
"94","CIC056",268,"2024CIC056",163,163,180,"1",0,NA,NA,"2024",2024-06-12,"incubate",12,175,12,175,151,15,27,27,44
"95","CIC058",269,"2024CIC058",163,178,178,"0",178,NA,NA,"2024",2024-06-12,"incubate",11,176,13,178,154,18,27,42,42
"96","CIC060",271,"2024CIC060",163,180,180,"0",180,NA,NA,"2024",2024-06-12,"incubate",11,176,13,180,156,20,27,44,44
"97","CIC120",103,"2025CIC120",145,155,159,"1",0,NA,NA,"2025",2025-06-05,"incubate",12,167,12,167,143,7,9,19,23
"98","CJP027",74,"2025CJP027",144,165,165,"0",165,NA,NA,"2025",2025-05-31,"incubate",9,165,15,165,141,5,8,29,29
"99","CJP050",155,"2025CJP050",146,146,156,"1",0,NA,NA,"2025",2025-05-27,"incubate",3,167,21,167,143,7,10,10,20
"100","CJP065",219,"2025CJP065",156,156,159,"1",0,NA,NA,"2025",2025-06-06,"incubate",3,177,21,177,153,17,20,20,23
"101","CJP066",220,"2025CJP066",156,164,164,"0",164,NA,"Nest temp data indicate lone egg was still being incubated when iButton was removed at last visit on 14 June.","2025",2025-06-14,"incubate",-9,197,33,164,140,4,20,28,28
"102","CLB106",1705,"2021CLB106",147,147,167,"1",0,NA,NA,"2021",2021-05-28,"laying",2,169,22,169,145,9,11,11,31
"103","CLB108",1707,"2021CLB108",148,165,166,"1",0,NA,"5C9 iButton at 17:06","2021",2021-05-29,"laying",2,170,22,170,146,10,12,29,30
"104","CLB109",1716,"2021CLB109",149,167,167,"0",167,NA,"069 Ibutton deployed at 11:09. minimal down in nest.","2021",2021-06-13,"incubate",20,167,4,167,143,7,13,31,31
"105","CLB114",1692,"2021CLB114",149,177,177,"0",177,NA,"49B DEPLOYED AT 13:46. NO PICTURE OF LEGS","2021",2021-06-21,"incubate",18,177,6,177,153,17,13,41,41
"106","CLB115",1656,"2021CLB115",149,169,169,"0",169,NA,"198 DEPLOYED AT 15:33.","2021",2021-06-13,"incubate",21,166,3,169,145,9,13,33,33
"107","CLB116",1720,"2021CLB116",150,173,173,"0",173,NA,"120 iButton deployed at 10:50. Minimal down.","2021",2021-06-21,"incubate",23,172,1,173,149,13,14,37,37
"108","CLB117",1719,"2021CLB117",150,172,172,"0",172,NA,"""723 iButton deployed at 14:58. Minimal down","2021",2021-06-17,"incubate",19,172,5,172,148,12,14,36,36
"109","CLB118",1721,"2021CLB118",150,159,159,"0",159,NA,"""FCC iButton deployed at 15:10.  4 meters away from another SPEI nest (CLB117)","2021",2021-05-31,"incubate",16,158,8,159,135,-1,14,23,23
"110","CLB119",1671,"2021CLB119",150,172,172,"0",172,NA,"""42C iButton deployed at 16:26. Good look at right foot-- don’t think she's banded","2021",2021-06-21,"incubate",23,172,1,172,148,12,14,36,36
"111","CLB120",1675,"2021CLB120",153,173,173,"0",173,NA,"""74C iButton deployed at 10:42. No photo","2021",2021-06-16,"incubate",21,169,3,173,149,13,17,37,37
"112","CLB121",1726,"2021CLB121",153,170,170,"0",170,NA,"A06 iButton deployed at 11:25. Jaeger pair in the area.","2021",2021-06-16,"incubate",20,170,4,170,146,10,17,34,34
"113","CLB122",1678,"2021CLB122",154,160,160,"0",160,NA,"""47G","2021",2021-06-04,"incubate",18,160,6,160,136,0,18,24,24
"114","CLB123",1659,"2021CLB123",154,171,171,"0",171,NA,"iButton DB5 deployed at 15:20","2021",2021-06-04,"incubate",8,170,16,171,147,11,18,35,35
"115","CLB124",1736,"2021CLB124",155,174,174,"0",174,NA,"795 iButton deployed at 1537. Too cold to float eggs. One pintail egg in nest.","2021",NA,NA,NA,NA,NA,174,150,14,19,38,38
"116","CLB125",1689,"2021CLB125",158,161,161,"0",161,NA,"63F iButton deployed at 11:08. DSC_6433 on RJF camera.","2021",2021-06-08,"incubate",21,161,3,161,137,1,22,25,25
"117","CLB126",1747,"2021CLB126",158,162,165,"1",0,NA,"""Metal band only! 882 iButton deployed at 13:05. Float and candle don’t match for 3 eggs","2021",2021-06-08,"incubate",21,161,3,161,137,1,22,26,29
"118","CLB127",1683,"2021CLB127",158,172,172,"0",172,NA,"90C iButton deployed at 1836.","2021",2021-06-20,"incubate",22,172,2,172,148,12,22,36,36
"119","CLB128",1698,"2021CLB128",160,171,171,"0",171,NA,"7CE iButton deployed at 1742","2021",2021-06-10,"incubate",18,166,6,171,147,11,24,35,35
"120","CLB129",1662,"2021CLB129",160,160,168,"1",0,NA,"""iButton 115 deployed at 1912","2021",2021-06-10,"incubate",15,169,9,169,145,9,24,24,32
"121","CLB130",1755,"2021CLB130",162,175,175,"0",175,NA,"E69 iButton deployed at 17:15","2021",2021-06-16,"incubate",20,170,4,175,151,15,26,39,39
"122","CLB131",1691,"2021CLB131",162,176,176,"0",176,NA,"E9C iButton deployed at 18:01","2021",2021-06-25,"incubate",NA,NA,NA,176,152,16,26,40,40
"123","CLB132",1757,"2021CLB132",162,168,168,"0",168,NA,"B01 iButton deployed at 18:27","2021",2021-06-12,"incubate",21,165,3,168,144,8,26,32,32
"124","CLB133",1663,"2021CLB133",162,170,170,"0",170,NA,"69E iButton deployed at 19:07","2021",2021-06-12,"incubate",21,165,3,170,146,10,26,34,34
"125","CLB134",1696,"2021CLB134",163,168,168,"0",168,NA,"Metal only band! One egg (#4) cracked and very dark on outside. iButton DFC deployed at 16:32. Observer cracked #4 but still viable. 100-0994.","2021",2021-06-13,"incubate",21,166,3,168,144,8,27,32,32
"126","DJR001",311,"2024DJR001",171,171,191,"1",0,NA,NA,"2024",2024-06-20,"incubate",4,191,20,191,167,31,35,35,55
"127","DJR001",1518,"2019DJR001",151,151,160,"1",0,NA,NA,"2019",2024-06-20,"incubate",4,191,20,168,144,8,15,15,24
"128","DJR001",227,"2023DJR001",154,168,168,"0",168,NA,"2nd noba hen in same area as this bird, initially did not which was associated with this nest, confirmed later 32+ was with this nest","2023",2024-06-20,"incubate",4,191,20,168,144,8,18,32,32
"129","DJR002",228,"2023DJR002",155,170,170,"0",170,NA,NA,"2023",2023-06-19,"incubate",23,170,1,170,146,10,19,34,34
"130","DJR002",1519,"2019DJR002",151,151,160,"1",0,NA,NA,"2019",2023-06-19,"incubate",23,170,1,170,146,10,15,15,24
"131","DJR003",229,"2023DJR003",155,155,167,"1",0,NA,NA,"2023",2023-06-05,"incubate",18,161,6,161,137,1,19,19,31
"132","DJR003",1520,"2019DJR003",151,169,169,"0",169,NA,NA,"2019",2023-06-05,"incubate",18,161,6,169,145,9,15,33,33
"133","DJR004",1521,"2019DJR004",152,164,164,"0",164,NA,NA,"2019",2023-06-18,"incubate",23,169,1,164,140,4,16,28,28
"134","DJR004",278,"2023DJR004",156,169,169,"0",169,NA,NA,"2023",2023-06-18,"incubate",23,169,1,169,145,9,20,33,33
"135","DJR005",1522,"2019DJR005",151,170,170,"0",170,NA,NA,"2019",2023-06-27,"incubate",-9,210,33,170,146,10,15,34,34
"136","DJR005",279,"2023DJR005",156,180,180,"0",180,NA,NA,"2023",2023-06-27,"incubate",-9,210,33,180,156,20,20,44,44
"137","DJR006",1523,"2019DJR006",151,167,167,"0",167,NA,NA,"2019",2019-06-01,"incubate",8,167,16,167,143,7,15,31,31
"138","DJR007",1547,"2019DJR007",152,167,167,"0",167,NA,NA,"2019",2019-06-02,"incubate",12,164,12,167,143,7,16,31,31
"139","DJR008",1548,"2019DJR008",152,163,163,"0",163,NA,NA,"2019",NA,NA,NA,NA,NA,163,139,3,16,27,27
"140","DJR009",1549,"2019DJR009",152,162,162,"0",162,NA,NA,"2019",2019-06-02,"incubate",16,160,8,162,138,2,16,26,26
"141","DJR010",336,"2023DJR010",168,177,177,"0",177,NA,NA,"2023",2023-06-27,"incubate",18,183,6,177,153,17,32,41,41
"142","DJR010",1550,"2019DJR010",152,166,166,"0",166,NA,NA,"2019",2023-06-27,"incubate",18,183,6,166,142,6,16,30,30
"143","DJR011",1551,"2019DJR011",152,168,168,"0",168,NA,NA,"2019",2019-06-02,"incubate",8,168,16,168,144,8,16,32,32
"144","DJR012",1552,"2019DJR012",152,170,170,"0",170,NA,NA,"2019",2019-06-02,"incubate",8,168,16,170,146,10,16,34,34
"145","DJR013",1495,"2019DJR013",152,166,166,"0",166,NA,NA,"2019",2019-06-02,"incubate",12,164,12,166,142,6,16,30,30
"146","DJR014",1496,"2019DJR014",152,156,156,"0",156,NA,NA,"2019",2019-06-02,"incubate",21,155,3,156,132,-4,16,20,20
"147","DJR016",1497,"2019DJR016",152,152,164,"1",0,NA,NA,"2019",2019-06-02,"incubate",12,164,12,164,140,4,16,16,28
"148","DJR017",1571,"2019DJR017",154,163,163,"0",163,NA,NA,"2019",2019-06-04,"incubate",20,158,4,163,139,3,18,27,27
"149","DJR018",1573,"2019DJR018",155,159,159,"0",159,NA,NA,"2019",2019-06-07,"incubate",23,158,1,159,135,-1,19,23,23
"150","DJR019",1574,"2019DJR019",155,162,162,"0",162,NA,"Band code read as 84K, but this code is not in banding records","2019",2019-06-07,"incubate",21,160,3,162,138,2,19,26,26
"151","DJR020",1575,"2019DJR020",155,168,169,"1",0,NA,NA,"2019",2019-06-05,"incubate",8,171,16,171,147,11,19,32,33
"152","DJR021",1576,"2019DJR021",155,161,161,"0",161,NA,NA,"2019",2019-06-07,"incubate",NA,NA,NA,161,137,1,19,25,25
"153","DJR022",1572,"2019DJR022",155,157,157,"0",157,NA,NA,"2019",2019-06-05,"incubate",23,156,1,157,133,-3,19,21,21
"154","DJR023",1595,"2019DJR023",156,167,167,"0",167,NA,NA,"2019",2019-06-13,"incubate",21,166,3,167,143,7,20,31,31
"155","DJR024",1507,"2019DJR024",157,160,160,"0",160,NA,NA,"2019",2019-06-07,"incubate",21,160,3,160,136,0,21,24,24
"156","DJR025",1508,"2019DJR025",157,159,159,"1",0,NA,NA,"2019",2019-06-07,"incubate",2,179,22,179,155,19,21,23,23
"157","DJR026",1509,"2019DJR026",157,164,164,"0",164,NA,NA,"2019",2019-06-07,"incubate",20,161,4,164,140,4,21,28,28
"158","DJR028",1514,"2019DJR028",158,158,168,"1",0,NA,NA,"2019",2019-06-08,"laying",2,180,22,180,156,20,22,22,32
"159","DJR029",1562,"2019DJR029",161,161,164,"1",0,NA,NA,"2019",2019-06-11,"incubate",18,167,6,167,143,7,25,25,28
"160","DJR030",1563,"2019DJR030",161,171,171,"0",171,NA,NA,"2019",2019-06-11,"incubate",20,165,4,171,147,11,25,35,35
"161","EWH013",67,"2024EWH013",153,175,175,"0",175,"no",NA,"2024",2024-06-02,"incubate",4,173,20,175,151,15,17,39,39
"162","EWH024",116,"2024EWH024",154,177,177,"0",177,"no",NA,"2024",2024-06-23,"incubate",23,175,1,177,153,17,18,41,41
"163","EWH033",162,"2024EWH033",158,180,180,"0",180,NA,NA,"2024",2024-06-07,"incubate",2,180,22,180,156,20,22,44,44
"164","EWH036",188,"2024EWH036",159,176,176,"0",176,NA,NA,"2024",2024-06-17,"incubate",21,171,3,176,152,16,23,40,40
"165","EWH050",251,"2024EWH050",162,172,180,"1",0,NA,"iButton data did not have a clear indicator of hatch. Nest likely depredated.","2024",2024-06-21,"incubate",22,174,2,174,150,14,26,36,44
"166","EWH051",275,"2024EWH051",163,172,172,"0",172,NA,NA,"2024",2024-06-12,"incubate",15,172,9,172,148,12,27,36,36
"167","EWH053",276,"2024EWH053",163,181,181,"0",181,NA,NA,"2024",2024-06-15,"incubate",11,179,13,181,157,21,27,45,45
"168","EWH055",291,"2024EWH055",165,183,183,"0",183,NA,NA,"2024",2024-06-28,"incubate",21,182,3,183,159,23,29,47,47
"169","EWH056",304,"2024EWH056",170,192,192,"0",192,NA,"banded eider photographed near nest with band code initially read as ""77-"" but photo shows band is ""72-"" which was associated with a different, nearby nest, and had already been resighted for that nest. Nest record changed to unknown band status.","2024",2024-06-19,"incubate",2,192,22,192,168,32,34,56,56
"170","EWH114",24,"2025EWH114",142,156,172,"1",0,NA,NA,"2025",2025-06-06,"incubate",18,162,6,162,138,2,6,20,36
"171","EWH155",245,"2025EWH155",169,173,173,"0",173,NA,"nest active at last visit","2025",2025-06-23,"incubate",21,176,3,173,149,13,33,37,37
"172","EWH156",246,"2025EWH156",169,175,175,"0",175,NA,NA,"2025",2025-06-25,"incubate",21,178,3,175,151,15,33,39,39
"173","JAM001",1579,"2019JAM001",155,157,157,"0",157,NA,NA,"2019",2019-06-05,"incubate",21,158,3,157,133,-3,19,21,21
"174","JAM002",1580,"2019JAM002",155,169,169,"0",169,NA,NA,"2019",2019-06-08,"incubate",11,171,13,169,145,9,19,33,33
"175","JAM003",1581,"2019JAM003",155,155,156,"1",0,NA,NA,"2019",2019-06-05,"incubate",NA,NA,NA,NA,152,16,19,19,20
"176","JAM006",1586,"2019JAM006",156,163,163,"0",163,NA,"NEST FOUND TWICE, BUT JAM FOUND IT FIRST. ALL DJR027NEST RECORDS CHANGED TO JAM006: SAME NEST!","2019",2019-06-10,"incubate",23,161,1,163,139,3,20,27,27
"177","JAM007",1587,"2019JAM007",156,166,166,"0",166,NA,NA,"2019",2019-06-12,"incubate",22,164,2,166,142,6,20,30,30
"178","JAM008",1588,"2019JAM008",156,164,164,"0",164,NA,NA,"2019",2019-06-10,"incubate",NA,NA,NA,164,140,4,20,28,28
"179","JAM009",1589,"2019JAM009",156,161,161,"0",161,NA,NA,"2019",NA,NA,NA,NA,NA,161,137,1,20,25,25
"180","JAM010",1590,"2019JAM010",156,167,167,"0",167,NA,NA,"2019",2019-06-06,"incubate",NA,NA,NA,167,143,7,20,31,31
"181","JAM011",1506,"2019JAM011",157,171,171,"0",171,NA,NA,"2019",2019-06-20,"incubate",23,171,1,171,147,11,21,35,35
"182","JAM012",1560,"2019JAM012",161,165,168,"1",0,NA,NA,"2019",2019-06-15,"incubate",21,168,3,168,144,8,25,29,32
"183","JCA041",1605,"2019JCA041",145,161,161,"0",161,NA,NA,"2019",2019-06-04,"incubate",18,160,6,161,137,1,9,25,25
"184","JCA042",1606,"2019JCA042",145,145,154,"1",0,NA,NA,"2019",2019-05-26,"laying",8,161,16,161,137,1,9,9,18
"185","JCA043",1607,"2019JCA043",143,143,162,"1",0,NA,NA,"2019",2019-05-24,"laying",2,165,22,165,141,5,7,7,26
"186","JCA044",1608,"2019JCA044",143,159,159,"0",159,NA,NA,"2019",2019-06-07,"incubate",23,158,1,159,135,-1,7,23,23
"187","JCA047",1609,"2019JCA047",145,145,168,"1",0,NA,"FLAG SOUTH","2019",2019-05-26,"incubate",2,167,22,167,143,7,9,9,32
"188","JCA053",1610,"2019JCA053",146,146,164,"1",0,NA,"FLAG WEST","2019",2019-05-27,"incubate",2,168,22,168,144,8,10,10,28
"189","JCA059",1611,"2019JCA059",147,147,165,"1",0,NA,"FLAG EAST","2019",2019-05-28,"incubate",2,169,22,169,145,9,11,11,29
"190","JCA061",1612,"2019JCA061",148,167,167,"0",167,NA,NA,"2019",2019-05-29,"incubate",3,169,21,167,143,7,12,31,31
"191","JCA066",1505,"2019JCA066",156,167,167,"0",167,NA,NA,"2019",2019-06-06,"incubate",NA,NA,NA,167,143,7,20,31,31
"192","JCA271",1669,"2021JCA271",149,173,173,"0",173,NA,NA,"2021",2021-06-17,"incubate",NA,NA,NA,173,149,13,13,37,37
"193","JCA288",1673,"2021JCA288",150,173,173,"0",173,NA,"IBUTTON 450 DEPLOYED 10:35","2021",2021-06-19,"incubate",21,172,3,173,149,13,14,37,37
"194","JCA300",1666,"2021JCA300",148,148,154,"1",0,NA,NA,"2021",2021-05-29,"laying",2,170,22,170,146,10,12,12,18
"195","JCA305",1728,"2021JCA305",153,175,175,"0",175,NA,"101-2412","2021",2021-06-03,"laying",2,175,22,175,151,15,17,39,39
"196","JCA308",1724,"2021JCA308",153,153,168,"1",0,NA,NA,"2021",NA,NA,NA,NA,NA,NA,154,18,17,17,32
"197","JCA310",1677,"2021JCA310",154,167,167,"0",167,NA,"4DC iButton deployed at 14:07. 101-2482. Ibutton did not get reset.","2021",NA,NA,NA,NA,NA,167,143,7,18,31,31
"198","JCA312",1679,"2021JCA312",155,175,175,"0",175,NA,"E5A iButton deployed at 12:42. I believe it is banded.","2021",2021-06-24,"incubate",NA,NA,NA,175,151,15,19,39,39
"199","JCA315",1733,"2021JCA315",155,178,178,"0",178,NA,NA,"2021",2021-06-28,"incubate",23,179,1,178,154,18,19,42,42
"200","JCS048",1767,"2022JCS048",152,176,176,"0",176,NA,"No iButton deployed. MBM transect.","2022",2022-06-03,"incubate",3,174,21,176,152,16,16,40,40
"201","JCS049",1768,"2022JCS049",152,168,168,"0",168,NA,"No iButton deployed. MBM transect.","2022",2022-06-12,"incubate",23,163,1,168,144,8,16,32,32
"202","JCS051",1769,"2022JCS051",147,150,151,"1",0,NA,"iButton 3E2 deployed at 10:05.","2022",2022-05-28,"incubate",2,169,22,169,145,9,11,14,15
"203","JDD003",13,"2023JDD003",143,143,150,"1",0,NA,NA,"2023",2023-05-24,"laying",2,165,22,165,141,5,7,7,14
"204","JDD004",12,"2023JDD004",143,143,150,"1",0,NA,NA,"2023",2023-05-24,"laying",3,164,21,164,140,4,7,7,14
"205","JDD029",171,"2023JDD029",147,170,170,"0",170,NA,NA,"2023",2023-06-17,"incubate",23,168,1,170,146,10,11,34,34
"206","JDD038",170,"2023JDD038",147,147,164,"1",0,NA,NA,"2023",2023-05-28,"incubate",2,169,22,169,145,9,11,11,28
"207","JDD050",167,"2023JDD050",148,167,171,"1",0,NA,"nest temp logger showed bird did not return to nest after capture","2023",2023-06-17,"incubate",23,168,1,168,144,8,12,31,35
"208","JDD067",191,"2023JDD067",150,150,164,"1",0,NA,NA,"2023",2023-05-31,"incubate",2,172,22,172,148,12,14,14,28
"209","JDD074",190,"2023JDD074",150,172,172,"0",172,NA,NA,"2023",2023-06-18,"incubate",21,171,3,172,148,12,14,36,36
"210","JDD081",224,"2023JDD081",153,172,172,"0",172,NA,NA,"2023",2023-06-07,"incubate",12,169,12,172,148,12,17,36,36
"211","JDD090",246,"2023JDD090",155,165,165,"0",165,NA,NA,"2023",2023-06-10,"incubate",20,164,4,165,141,5,19,29,29
"212","JDD097",340,"2023JDD097",169,173,173,"0",173,NA,NA,"2023",2023-06-20,"incubate",22,172,2,173,149,13,33,37,37
"213","JMT219",1613,"2019JMT219",146,161,161,"0",161,NA,NA,"2019",2019-06-08,"incubate",21,161,3,161,137,1,10,25,25
"214","JMT235",1614,"2019JMT235",143,164,164,"0",164,NA,NA,"2019",2019-06-12,"incubate",23,163,1,164,140,4,7,28,28
"215","JMT236",1615,"2019JMT236",143,163,163,"0",163,NA,NA,"2019",2019-05-24,"laying",3,164,21,163,139,3,7,27,27
"216","JMT241",1617,"2019JMT241",146,161,163,"1",0,NA,"FLAG ON ISLAND TO NORTH","2019",2019-05-27,"incubate",11,159,13,159,135,-1,10,25,27
"217","JMT242",1618,"2019JMT242",146,166,166,"0",166,NA,"FLAG LABELED 241","2019",2019-05-27,"laying",2,168,22,166,142,6,10,30,30
"218","JMT243",1619,"2019JMT243",146,167,167,"0",167,NA,NA,"2019",2019-06-08,"incubate",12,170,12,167,143,7,10,31,31
"219","JMT244",1620,"2019JMT244",145,171,171,"0",171,NA,NA,"2019",2019-06-08,"incubate",14,168,10,171,147,11,9,35,35
"220","JMT245",1621,"2019JMT245",147,171,171,"0",171,NA,NA,"2019",2019-05-28,"laying",2,169,22,171,147,11,11,35,35
"221","JMT246",1622,"2019JMT246",148,148,162,"1",0,NA,"NO FLAG","2019",2019-05-29,"incubate",8,164,16,164,140,4,12,12,26
"222","JMT250",1499,"2019JMT250",151,167,167,"0",167,NA,NA,"2019",2019-06-14,"incubate",23,165,1,167,143,7,15,31,31
"223","JMT254",1570,"2019JMT254",154,171,171,"0",171,NA,NA,"2019",2019-06-04,"incubate",8,170,16,171,147,11,18,35,35
"224","JMT255",1510,"2019JMT255",157,163,163,"0",163,NA,NA,"2019",2019-06-07,"incubate",20,161,4,163,139,3,21,27,27
"225","JMT258",1557,"2019JMT258",160,160,164,"1",0,NA,NA,"2019",NA,NA,NA,NA,NA,169,145,9,24,24,28
"226","JMT260",1568,"2019JMT260",167,168,168,"0",168,NA,NA,"2019",2019-06-17,"incubate",21,170,3,168,144,8,31,32,32
"227","JMT308",1700,"2021JMT308",142,147,169,"1",0,NA,NA,"2021",2021-05-28,"laying",2,169,22,169,145,9,6,11,33
"228","JMT412",1703,"2021JMT412",146,146,150,"1",0,NA,NA,"2021",2021-05-27,"laying",2,168,22,168,144,8,10,10,14
"229","JMT434",1704,"2021JMT434",146,165,165,"0",165,NA,NA,"2021",2021-05-27,"laying",4,166,20,165,141,5,10,29,29
"230","JMT493",1665,"2021JMT493",147,174,174,"0",174,NA,"NO TONGUE DEPRESSER.","2021",2021-06-17,"incubate",19,172,5,174,150,14,11,38,38
"231","JMT529",1712,"2021JMT529",148,167,167,"0",167,NA,NA,"2021",2021-05-29,"incubate",4,168,20,167,143,7,12,31,31
"232","JMT572",1672,"2021JMT572",150,174,174,"0",174,NA,"""C30 @12:10","2021",2021-06-15,"incubate",23,166,1,174,150,14,14,38,38
"233","JMT582",1717,"2021JMT582",150,155,167,"1",0,NA,NA,"2021",2021-05-31,"incubate",4,170,20,170,146,10,14,19,31
"234","JMT600",1725,"2021JMT600",153,175,175,"0",175,NA,NA,"2021",2021-06-23,"incubate",23,174,1,175,151,15,17,39,39
"235","JMT630",1756,"2021JMT630",162,175,175,"0",175,NA,"1 EGG CRACKED. LIKELY NOT BANDED. IBUTTON DEPLOYED: 197 AT 10:00","2021",2021-06-15,"incubate",18,171,6,175,151,15,26,39,39
"236","JMT637",1742,"2021JMT637",166,175,175,"0",175,NA,"METAL ONLY","2021",2021-06-25,"incubate",13,186,11,175,151,15,30,39,39
"237","JMT645",1682,"2021JMT645",169,176,176,"0",176,NA,"SAME AREA AS PJL152","2021",2021-06-26,"incubate",15,185,9,176,152,16,33,40,40
"238","LAH002",243,"2024LAH002",161,179,179,"0",179,NA,NA,"2024",2024-06-13,"incubate",8,180,16,179,155,19,25,43,43
"239","LAH003",277,"2024LAH003",163,182,182,"0",182,NA,NA,"2024",2024-06-21,"incubate",20,176,4,182,158,22,27,46,46
"240","LAH006",302,"2024LAH006",169,185,185,"0",185,NA,NA,"2024",2024-06-18,"incubate",12,181,12,185,161,25,33,49,49
"241","LAH007",303,"2024LAH007",169,172,193,"1",0,NA,NA,"2024",2024-06-21,"incubate",11,185,13,185,161,25,33,36,57
"242","LAH008",314,"2024LAH008",174,176,176,"0",176,NA,NA,"2024",2024-06-23,"incubate",21,177,3,176,152,16,38,40,40
"243","LLK001",1770,"2022LLK001",144,146,147,"1",0,NA,"No iButton. Did not see hen.","2022",NA,NA,NA,NA,NA,NA,145,9,8,10,11
"244","LLK004",1773,"2022LLK004",157,158,159,"1",0,NA,"iButton 94F deployed at 12:11","2022",2022-06-07,"incubate",11,170,13,170,146,10,21,22,23
"245","LLK005",1774,"2022LLK005",158,158,176,"1",0,NA,"iButton DD1 deployed at 12:25","2022",2022-06-08,"incubate",11,171,13,171,147,11,22,22,40
"246","LLK006",1775,"2022LLK006",162,163,164,"1",0,NA,"""iButton 4CF deployed at 16:39. Eggs possibly inviable-- membranes jagged","2022",2022-06-12,"incubate",2,184,22,184,160,24,26,27,28
"247","LLK201",230,"2023LLK201",155,174,174,"0",174,NA,NA,"2023",2023-06-27,"incubate",-9,210,33,174,149,13,19,38,38
"248","LLK202",231,"2023LLK202",155,170,170,"0",170,NA,NA,"2023",2023-06-17,"incubate",21,170,3,170,146,10,19,34,34
"249","LLK203",232,"2023LLK203",155,170,170,"0",170,NA,NA,"2023",2023-06-13,"incubate",20,167,4,170,146,10,19,34,34
"250","LLK204",274,"2023LLK204",156,179,179,"0",179,NA,NA,"2023",2023-06-27,"incubate",23,178,1,179,155,19,20,43,43
"251","LLK205",275,"2023LLK205",156,168,168,"0",168,NA,NA,"2023",2023-06-08,"incubate",21,161,3,168,144,8,20,32,32
"252","LLK206",287,"2023LLK206",157,157,160,"1",0,NA,NA,"2023",2023-06-07,"incubate",2,179,22,179,155,19,21,21,24
"253","LLK207",288,"2023LLK207",157,177,177,"0",177,NA,NA,"2023",2023-06-27,"incubate",22,179,2,177,153,17,21,41,41
"254","LLK208",289,"2023LLK208",157,177,177,"0",177,NA,NA,"2023",2023-06-27,"incubate",20,181,4,177,153,17,21,41,41
"255","LLK210",303,"2023LLK210",160,177,177,"0",177,NA,NA,"2023",2023-06-27,"incubate",21,180,3,177,153,17,24,41,41
"256","LLK211",307,"2023LLK211",161,170,170,"0",170,NA,NA,"2023",2023-06-11,"incubate",21,164,3,170,146,10,25,34,34
"257","LLK212",308,"2023LLK212",161,161,163,"1",0,NA,NA,"2023",2023-06-11,"incubate",20,165,4,165,141,5,25,25,27
"258","LLK213",309,"2023LLK213",161,177,177,"0",177,NA,NA,"2023",2023-06-27,"incubate",20,181,4,177,153,17,25,41,41
"259","LLK214",318,"2023LLK214",163,174,174,"0",174,NA,NA,"2023",2023-06-13,"incubate",20,167,4,174,150,14,27,38,38
"260","LLK215",319,"2023LLK215",163,174,174,"0",174,NA,NA,"2023",2023-06-23,"incubate",23,174,1,174,150,14,27,38,38
"261","LLK216",322,"2023LLK216",164,171,171,"0",171,NA,NA,"2023",2023-06-19,"incubate",23,170,1,171,147,11,28,35,35
"262","LLK217",323,"2023LLK217",164,178,178,"0",178,NA,NA,"2023",2023-06-28,"incubate",21,181,3,178,154,18,28,42,42
"263","LLK218",332,"2023LLK218",166,168,168,"0",168,NA,NA,"2023",2023-06-16,"incubate",22,168,2,168,144,8,30,32,32
"264","LLK220",342,"2023LLK220",170,173,173,"0",173,NA,NA,"2023",2023-06-28,"incubate",20,182,4,173,149,13,34,37,37
"265","LLK221",346,"2023LLK221",171,172,172,"0",172,NA,"subtracted 1 day from actual day of discovery to create 1-d interval as nest was found pipped","2023",2023-06-22,"incubate",24,172,0,172,148,12,35,36,36
"266","LLK222",351,"2023LLK222",177,181,181,"0",181,NA,NA,"2023",2023-06-27,"incubate",20,181,4,181,157,21,41,45,45
"267","LLK223",352,"2023LLK223",177,180,180,"0",180,NA,NA,"2023",2023-06-27,"incubate",21,180,3,180,156,20,41,44,44
"268","LRB127",1664,"2021LRB127",147,165,165,"0",165,NA,"metal only","2021",2021-06-15,"incubate",23,166,1,165,141,5,11,29,29
"269","LRB128",1708,"2021LRB128",148,165,166,"1",0,NA,"4CF iButton deployed at 13:18","2021",2021-05-29,"laying",2,170,22,170,146,10,12,29,30
"270","LRB129",1709,"2021LRB129",148,148,166,"1",0,NA,"230 iButton","2021",2021-05-29,"laying",2,170,22,170,146,10,12,12,30
"271","LRB130",1715,"2021LRB130",149,172,172,"0",172,NA,"256 iButton deployed at 10:04","2021",2021-06-20,"incubate",22,172,2,172,148,12,13,36,36
"272","LRB131",1655,"2021LRB131",149,168,168,"0",168,NA,"F10 iButton deployed at 14:36.","2021",2021-05-30,"incubate",10,163,14,168,144,8,13,32,32
"273","LRB132",1723,"2021LRB132",151,171,171,"0",171,NA,"269 iButton deployed at 11:54","2021",2021-06-19,"incubate",23,170,1,171,147,11,15,35,35
"274","LRB134",1722,"2021LRB134",151,166,166,"0",166,NA,"""E8C iButton deployed at 15:41. Female was vocal and swimming in pond close to nest","2021",2021-06-01,"incubate",11,164,13,166,142,6,15,30,30
"275","LRB136",1694,"2021LRB136",153,173,173,"0",173,NA,"EA4 iButton deployed at 14:43","2021",2021-06-21,"incubate",22,173,2,173,149,13,17,37,37
"276","LRB137",1676,"2021LRB137",153,164,164,"0",164,NA,"F01 iButton deployed at 15:05","2021",2021-06-08,"incubate",18,164,6,164,140,4,17,28,28
"277","LRB138",1731,"2021LRB138",154,174,174,"0",174,NA,"34D iBUtton deployed at 15:38","2021",2021-06-11,"incubate",16,169,8,174,150,14,18,38,38
"278","LRB139",1737,"2021LRB139",155,177,177,"0",177,NA,"9A7 iButton deployed at 1326. Too cold to float eggs today.","2021",2021-06-23,"incubate",22,175,2,177,153,17,19,41,41
"279","LRB140",1760,"2021LRB140",159,176,176,"0",176,NA,"475 iButton deployed at 1345. Too cold to float eggs today.","2021",2021-06-25,"incubate",23,176,1,176,152,16,23,40,40
"280","LRB142",1734,"2021LRB142",155,178,178,"0",178,NA,"F69 iButton deployed at 1543. Too cold to float eggs. Eggs were cool and no down.","2021",2021-06-25,"incubate",20,179,4,178,154,18,19,42,42
"281","LRB143",1749,"2021LRB143",158,178,178,"0",178,NA,"7EC iButton deployed at 10:32","2021",2021-06-25,"incubate",23,176,1,178,154,18,22,42,42
"282","LRB144",1660,"2021LRB144",158,176,176,"0",176,NA,"D34 iButton deployed at 14:20.","2021",2021-06-18,"incubate",19,173,5,176,152,16,22,40,40
"283","LRB145",1684,"2021LRB145",158,167,167,"0",167,NA,"Metal band only! 649 iButton deployed at 19:09.","2021",2021-06-15,"incubate",NA,NA,NA,167,143,7,22,31,31
"284","LRB146",1753,"2021LRB146",161,164,164,"0",164,NA,"46E iButton deployed at 11:40","2021",2021-06-11,"incubate",21,164,3,164,140,4,25,28,28
"285","LRB147",1699,"2021LRB147",162,172,172,"0",172,NA,"18C iButton deployed at 10:25","2021",2021-06-20,"incubate",23,171,1,172,148,12,26,36,36
"286","LRB148",1754,"2021LRB148",162,174,174,"0",174,NA,"8F6 iButton deployed at 14:25. Band pic 2428","2021",2021-06-23,"incubate",23,174,1,174,150,14,26,38,38
"287","LRB149",1740,"2021LRB149",163,173,173,"0",173,NA,"959 iButton deployed at 18:39.","2021",2021-06-20,"incubate",21,173,3,173,149,13,27,37,37
"288","LRB150",1739,"2021LRB150",163,175,175,"0",175,NA,"No iButton deployed. No band on right leg. Did not see hen on nest again when passing by 5 hrs later.","2021",2021-06-25,"incubate",12,187,12,175,151,15,27,39,39
"289","LRB151",1741,"2021LRB151",165,178,178,"0",178,NA,"iButton FD4 deployed at 20:16.","2021",2021-06-28,"incubate",16,186,8,178,154,18,29,42,42
"290","LRB201",1776,"2022LRB201",149,149,154,"1",0,NA,"iButton 42C deployed at 12:46","2022",NA,NA,NA,NA,NA,NA,149,13,13,13,18
"291","LRB202",1777,"2022LRB202",153,169,170,"1",0,NA,"""iButton 7DF deployed at 13:32. Not enough water to float eggs. 1 egg broken when arrived","2022",NA,NA,NA,NA,NA,NA,149,13,17,33,34
"292","LRB203",1778,"2022LRB203",153,153,154,"1",0,NA,"iButton 52D deployed at 15:25. One small egg- may be inviable.","2022",NA,NA,NA,NA,NA,NA,152,16,17,17,18
"293","LRB204",1779,"2022LRB204",154,162,163,"1",0,NA,"iButton FCC deployed at 13:28. Difficult to float because of waves. Photo 100-4156 camera #1.","2022",2022-06-04,"incubate",4,174,20,174,150,14,18,26,27
"294","LRB205",1780,"2022LRB205",155,173,173,"0",173,NA,"iButton 1C3 deployed 10:38","2022",2022-06-14,"incubate",23,165,1,173,149,13,19,37,37
"295","LRB206",1781,"2022LRB206",159,159,160,"1",0,NA,"iButton 1B7 deployed 13:28. Possible inviable eggs","2022",2022-06-09,"incubate",13,170,11,170,146,10,23,23,24
"296","LRB207",1782,"2022LRB207",159,171,171,"0",171,NA,"""iButton 90C deployed at 14:05. 3 COEI on same island","2022",2022-06-09,"incubate",18,165,6,171,147,11,23,35,35
"297","LRB208",1783,"2022LRB208",160,170,171,"1",0,NA,"iButton 115 deployed at 17:39. Too wavy to get a good float.","2022",2022-06-10,"incubate",15,169,9,169,145,9,24,34,35
"298","LRB209",1784,"2022LRB209",170,175,176,"1",0,NA,"iButton 8D8 deployed at 17:12","2022",2022-06-23,"incubate",5,192,19,192,168,32,34,39,40
"299","LRB210",1785,"2022LRB210",171,176,176,"0",176,NA,"""Saw metal band as bird was flushing","2022",2022-06-24,"incubate",23,175,1,176,152,16,35,40,40
"300","LSW008",42,"2025LSW008",143,164,164,"0",164,NA,NA,"2025",2025-06-11,"incubate",21,164,3,164,140,4,7,28,28
"301","LSW016",86,"2025LSW016",144,152,159,"1",0,NA,NA,"2025",2025-06-02,"incubate",11,165,13,165,141,5,8,16,23
"302","LSW043",218,"2025LSW043",156,167,173,"1",0,NA,NA,"2025",2025-06-17,"incubate",20,171,4,171,147,11,20,31,37
"303","LSW044",231,"2025LSW044",158,158,163,"1",0,NA,NA,"2025",2025-06-08,"incubate",2,180,22,180,156,20,22,22,27
"304","MAM026",1786,"2022MAM026",145,146,147,"1",0,NA,"iButton 959 deployed at 13:54","2022",2022-05-26,"incubate",3,166,21,166,142,6,9,10,11
"305","MAM030",1787,"2022MAM030",148,170,170,"0",170,NA,"iButton 9A7 deployed at 13:55","2022",2022-06-05,"incubate",11,168,13,170,146,10,12,34,34
"306","MAM031",1788,"2022MAM031",151,155,156,"1",0,NA,"iButton DB5 @ 09:44","2022",2022-06-01,"incubate",2,173,22,173,149,13,15,19,20
"307","MAM036",1789,"2022MAM036",156,157,158,"1",0,NA,"iButton FD4 deployed at 16:57","2022",2022-06-06,"incubate",12,168,12,168,144,8,20,21,22
"308","MAM043",1790,"2022MAM043",157,177,177,"0",177,NA,"iButton 40C deployed at 15:38","2022",2022-06-18,"incubate",21,171,3,177,153,17,21,41,41
"309","MAM045",1791,"2022MAM045",170,177,177,"0",177,NA,"Found while fating EMGO nests and didn’t have nest check gear.","2022",2022-06-26,"incubate",18,182,6,177,153,17,34,41,41
"310","MAM105",32,"2023MAM105",145,145,164,"1",0,NA,NA,"2023",2023-05-26,"incubate",2,167,22,167,143,7,9,9,28
"311","MAM137",189,"2023MAM137",150,170,170,"0",170,NA,NA,"2023",2023-06-17,"incubate",21,170,3,170,146,10,14,34,34
"312","MAM148",221,"2023MAM148",152,152,163,"1",0,NA,NA,"2023",2023-06-02,"incubate",6,170,18,170,146,10,16,16,27
"313","MAM152",220,"2023MAM152",152,173,173,"0",173,NA,NA,"2023",2023-06-13,"incubate",18,169,6,173,149,13,16,37,37
"314","MAM155",223,"2023MAM155",153,153,163,"1",0,NA,NA,"2023",2023-06-03,"laying",2,175,22,175,151,15,17,17,27
"315","MAM163",250,"2023MAM163",155,171,171,"0",171,NA,NA,"2023",2023-06-05,"incubate",11,168,13,171,147,11,19,35,35
"316","MAM165",251,"2023MAM165",155,155,164,"1",0,NA,NA,"2023",2023-06-05,"incubate",11,168,13,168,144,8,19,19,28
"317","MAM169",247,"2023MAM169",155,155,157,"1",0,NA,NA,"2023",2023-06-05,"incubate",2,177,22,177,153,17,19,19,21
"318","MAM172",311,"2023MAM172",161,178,182,"1",0,NA,NA,"2023",2023-06-28,"incubate",20,182,4,182,158,22,25,42,46
"319","MAM173",312,"2023MAM173",162,169,169,"0",169,NA,NA,"2023",2023-06-12,"incubate",18,168,6,169,145,9,26,33,33
"320","MAM176",331,"2023MAM176",165,175,175,"0",175,NA,NA,"2023",2023-06-21,"incubate",21,174,3,175,151,15,29,39,39
"321","MAM177",339,"2023MAM177",169,178,178,"0",178,NA,NA,"2023",2023-06-28,"incubate",22,180,2,178,154,18,33,42,42
"322","MAM178",345,"2023MAM178",172,178,178,"0",178,NA,NA,"2023",2023-06-28,"incubate",13,189,11,178,154,18,36,42,42
"323","MAM308",227,"2025MAM308",157,162,163,"1",0,NA,NA,"2025",2025-06-12,"incubate",21,165,3,165,141,5,21,26,27
"324","MAM309",232,"2025MAM309",159,171,175,"1",0,NA,NA,"2025",2025-06-21,"incubate",21,174,3,174,150,14,23,35,39
"325","MLB002",1524,"2019MLB002",151,171,171,"0",171,NA,NA,"2019",2019-06-21,"incubate",21,174,3,171,147,11,15,35,35
"326","MLB003",1498,"2019MLB003",152,162,162,"0",162,NA,NA,"2019",2019-06-09,"incubate",NA,NA,NA,162,138,2,16,26,26
"327","MLB005",1501,"2019MLB005",154,160,160,"0",160,NA,NA,"2019",NA,NA,NA,NA,NA,160,136,0,18,24,24
"328","MLB006",1502,"2019MLB006",154,163,163,"0",163,NA,NA,"2019",2019-06-09,"incubate",21,162,3,163,139,3,18,27,27
"329","MLB008",1582,"2019MLB008",155,163,163,"0",163,NA,"Band code read as 8Z9, but that code is not in the banding record","2019",2019-06-08,"incubate",NA,NA,NA,163,139,3,19,27,27
"330","MLB009",1583,"2019MLB009",155,166,166,"0",166,NA,NA,"2019",2019-06-09,"incubate",18,165,6,166,142,6,19,30,30
"331","MLB010",1584,"2019MLB010",155,170,170,"0",170,NA,NA,"2019",2019-06-20,"incubate",21,173,3,170,146,10,19,34,34
"332","MLB011",1591,"2019MLB011",156,167,167,"0",167,NA,NA,"2019",2019-06-20,"incubate",23,171,1,167,143,7,20,31,31
"333","MLB013",1593,"2019MLB013",156,170,170,"0",170,NA,NA,"2019",2019-06-08,"incubate",12,170,12,170,146,10,20,34,34
"334","MLB014",1594,"2019MLB014",156,163,163,"0",163,NA,NA,"2019",2019-06-10,"incubate",21,163,3,163,139,3,20,27,27
"335","MLB015",1561,"2019MLB015",161,163,163,"0",163,NA,NA,"2019",NA,NA,NA,NA,NA,163,139,3,25,27,27
"336","MLB016",1556,"2019MLB016",160,170,170,"0",170,NA,NA,"2019",NA,NA,NA,NA,NA,170,146,10,24,34,34
"337","MLB017",1565,"2019MLB017",162,165,165,"0",165,NA,NA,"2019",2019-06-12,"incubate",21,165,3,165,141,5,26,29,29
"338","MLB018",1566,"2019MLB018",164,170,170,"0",170,NA,NA,"2019",2019-06-18,"incubate",NA,NA,NA,170,146,10,28,34,34
"339","NSL003",11,"2023NSL003",143,143,160,"1",0,NA,NA,"2023",2023-05-24,"laying",2,165,22,165,141,5,7,7,24
"340","NSL028",166,"2023NSL028",148,164,167,"1",0,NA,NA,"2023",2023-06-14,"incubate",20,168,4,168,144,8,12,28,31
"341","NSL032",172,"2023NSL032",150,170,170,"0",170,NA,NA,"2023",2023-06-18,"incubate",23,169,1,170,146,10,14,34,34
"342","NSL039",222,"2023NSL039",152,169,173,"1",0,NA,NA,"2023",2023-06-19,"incubate",21,172,3,172,148,12,16,33,37
"343","NSL047",248,"2023NSL047",155,155,171,"1",0,NA,"Band code was recorded as ""-2K"" which does not exist. Band photo was not saved to laptop. Changed to unknown band.","2023",2023-06-05,"incubate",11,168,13,168,144,8,19,19,35
"344","NSL048",249,"2023NSL048",155,173,173,"0",173,NA,NA,"2023",2023-06-16,"incubate",21,169,3,173,149,13,19,37,37
"345","NSL102",4,"2024NSL102",148,173,173,"0",173,"no",NA,"2024",2024-06-10,"incubate",11,174,13,173,149,13,12,37,37
"346","NSL110",38,"2024NSL110",151,151,176,"1",0,"no",NA,"2024",2024-05-31,"incubate",3,172,21,172,148,12,15,15,40
"347","NSL172",281,"2024NSL172",164,183,183,"0",183,NA,NA,"2024",2024-06-13,"incubate",18,170,6,183,159,23,28,47,47
"348","NWR020",102,"2024NWR020",153,175,175,"0",175,"no",NA,"2024",2024-06-10,"incubate",12,173,12,175,151,15,17,39,39
"349","NWR026",66,"2024NWR026",153,174,174,"0",174,"no","band photo originally interpreted as ""1ZK"" but left side of first character shows black horizontal line indicating a it is a ""T"", changed code here to ""TZK""","2024",2024-06-14,"incubate",15,174,9,174,150,14,17,38,38
"350","NWR041",135,"2024NWR041",156,156,166,"1",0,NA,NA,"2024",2024-06-05,"incubate",11,169,13,169,145,9,20,20,30
"351","NWR049",154,"2024NWR049",158,175,175,"0",175,NA,NA,"2024",2024-06-07,"incubate",3,179,21,175,151,15,22,39,39
"352","NWR073",259,"2024NWR073",163,182,182,"0",182,NA,NA,"2024",2024-06-29,"incubate",23,181,1,182,158,22,27,46,46
"353","NWR077",282,"2024NWR077",164,184,184,"0",184,NA,NA,"2024",2024-06-29,"incubate",21,183,3,184,160,24,28,48,48
"354","NWR080",295,"2024NWR080",166,166,186,"1",0,NA,NA,"2024",2024-06-15,"incubate",11,179,13,179,155,19,30,30,50
"355","PJL132",1657,"2021PJL132",150,172,172,"0",172,NA,"IBUTTON 73C DEPLOYED 10:55. 103-2954","2021",2021-05-31,"laying",2,172,22,172,148,12,14,36,36
"356","PJL148",1718,"2021PJL148",150,150,165,"1",0,NA,NA,"2021",2021-05-31,"incubate",3,171,21,171,147,11,14,14,29
"357","PJL157",1674,"2021PJL157",151,174,174,"0",174,NA,"TARSAL BAND NOT SEEN","2021",2021-06-11,"incubate",18,167,6,174,150,14,15,38,38
"358","PJL162",1693,"2021PJL162",153,176,176,"0",176,NA,NA,"2021",2021-06-16,"incubate",20,170,4,176,152,16,17,40,40
"359","PJL167",1686,"2021PJL167",158,170,170,"0",170,NA,"IBUTTON 96F DEPLOYED AT 9:26","2021",2021-06-20,"incubate",24,170,0,170,146,10,22,34,34
"360","PJL169",1759,"2021PJL169",158,169,171,"1",0,NA,"IBUTTON C48 DEPLOYED AT 10:27","2021",2021-06-17,"incubate",21,170,3,170,146,10,22,33,35
"361","PJL208",1792,"2022PJL208",141,147,148,"1",0,NA,NA,"2022",2022-05-26,"incubate",18,151,6,151,127,-9,5,11,12
"362","PJL238",1793,"2022PJL238",152,168,169,"1",0,NA,"No iButton deployed. MBM transect.","2022",2022-06-03,"incubate",8,169,16,169,145,9,16,32,33
"363","PJL240",1794,"2022PJL240",156,158,159,"1",0,NA,"iButton 18C deployed at 15:57","2022",2022-06-06,"incubate",2,178,22,178,154,18,20,22,23
"364","PJL241",1795,"2022PJL241",156,171,172,"1",0,NA,"iButton 96F deployed at 16:48","2022",2022-06-06,"incubate",2,178,22,178,154,18,20,35,36
"365","PJL243",1796,"2022PJL243",157,157,158,"1",0,NA,"iButton ED2 deployed 11:50","2022",2022-06-07,"incubate",8,173,16,173,149,13,21,21,22
"366","RJF204",1626,"2019RJF204",137,164,164,"0",164,NA,NA,"2019",2019-06-11,"incubate",22,163,2,164,140,4,1,28,28
"367","RJF230",1627,"2019RJF230",139,156,156,"0",156,NA,NA,"2019",2019-05-20,"incubate",11,152,13,156,132,-4,3,20,20
"368","RJF234",1628,"2019RJF234",139,167,167,"0",167,NA,NA,"2019",2019-06-03,"incubate",NA,NA,NA,167,143,7,3,31,31
"369","RJF238",1483,"2019RJF238",139,160,160,"1",0,NA,"FLAG 2FT SOUTH","2019",2019-06-07,"incubate",22,159,2,159,135,-1,3,24,24
"370","RJF249",1484,"2019RJF249",143,163,163,"0",163,NA,NA,"2019",2019-05-24,"laying",3,164,21,163,139,3,7,27,27
"371","RJF250",1485,"2019RJF250",143,167,167,"0",167,NA,NA,"2019",2019-06-12,"incubate",23,163,1,167,143,7,7,31,31
"372","RJF251",1486,"2019RJF251",143,164,164,"0",164,NA,NA,"2019",2019-06-04,"incubate",NA,NA,NA,164,140,4,7,28,28
"373","RJF252",1487,"2019RJF252",143,165,165,"0",165,NA,NA,"2019",2019-05-24,"laying",2,165,22,165,141,5,7,29,29
"374","RJF253",1488,"2019RJF253",143,165,165,"0",165,NA,"FLAG SOUTH-2 CACKLER EGGS","2019",2019-06-11,"incubate",21,164,3,165,141,5,7,29,29
"375","RJF254",1489,"2019RJF254",143,160,160,"0",160,NA,"FLAG SOUTH","2019",2019-05-24,"incubate",8,159,16,160,136,0,7,24,24
"376","RJF255",1490,"2019RJF255",143,163,163,"0",163,NA,NA,"2019",2019-06-08,"incubate",21,161,3,163,139,3,7,27,27
"377","RJF256",1491,"2019RJF256",143,159,159,"0",159,NA,"FLAG SOUTH","2019",2019-06-04,"incubate",18,160,6,159,135,-1,7,23,23
"378","RJF257",1492,"2019RJF257",144,164,164,"0",164,NA,"SOUTH OF PLOT ONE- HAS FLAG","2019",2019-05-25,"laying",2,166,22,164,140,4,8,28,28
"379","RJF259",1493,"2019RJF259",145,161,162,"1",0,NA,NA,"2019",2019-06-04,"incubate",15,163,9,163,139,3,9,25,26
"380","RJF262",1494,"2019RJF262",146,161,161,"0",161,NA,NA,"2019",2019-06-10,"incubate",23,161,1,161,137,1,10,25,25
"381","RJF266",1578,"2019RJF266",146,166,166,"0",166,NA,NA,"2019",2019-06-13,"incubate",23,164,1,166,142,6,10,30,30
"382","RJF270",1500,"2019RJF270",153,169,169,"0",169,NA,NA,"2019",2019-06-15,"incubate",13,176,11,169,145,9,17,33,33
"383","RJF273",1577,"2019RJF273",155,170,170,"0",170,NA,NA,"2019",2019-06-05,"incubate",11,168,13,170,146,10,19,34,34
"384","RJF277",1567,"2019RJF277",166,171,171,"0",171,NA,NA,"2019",2019-06-16,"incubate",8,182,16,171,147,11,30,35,35
"385","RJF564",1701,"2021RJF564",144,144,150,"1",0,NA,"NO BAND ON LEFT LEG","2021",2021-05-25,"incubate",2,166,22,166,142,6,8,8,14
"386","RJF571",1702,"2021RJF571",145,166,166,"0",166,NA,NA,"2021",2021-05-31,"incubate",8,166,16,166,142,6,9,30,30
"387","RJF607",1706,"2021RJF607",147,169,169,"0",169,NA,"DSC_5153 on RJF camera","2021",2021-05-28,"laying",2,169,22,169,145,9,11,33,33
"388","RJF609",1711,"2021RJF609",148,171,171,"0",171,NA,"F7A iButton @ 10:04","2021",2021-06-16,"incubate",19,171,5,171,147,11,12,35,35
"389","RJF610",1710,"2021RJF610",148,171,171,"0",171,NA,"3E2 iButton @ 10:24. Metal band only.","2021",2021-05-29,"laying",2,170,22,171,147,11,12,35,35
"390","RJF618",1714,"2021RJF618",149,171,171,"0",171,NA,"8C9 iButton deployed at 10:09. Only saw metal band","2021",2021-06-17,"incubate",20,171,4,171,147,11,13,35,35
"391","RJF619",1668,"2021RJF619",149,169,169,"0",169,NA,"9B1 iButton deployed at 12:13","2021",2021-06-16,"incubate",21,169,3,169,145,9,13,33,33
"392","RJF620",1667,"2021RJF620",149,149,166,"1",0,NA,"""Eggs cold upon arrival","2021",2021-05-30,"laying",2,171,22,171,147,11,13,13,30
"393","RJF621",1670,"2021RJF621",149,169,169,"0",169,NA,"901 iButton deployed 13:52. Saw metal band only.","2021",2021-06-16,"incubate",21,169,3,169,145,9,13,33,33
"394","RJF624",1758,"2021RJF624",153,165,166,"1",0,NA,"52D iButton deployed at 10:02. Band may be 48K. 100-0744","2021",2021-06-03,"incubate",3,174,21,174,150,14,17,29,30
"395","RJF625",1729,"2021RJF625",153,169,169,"0",169,NA,"D4F iButton deployed 14:17","2021",2021-06-12,"incubate",21,165,3,169,145,9,17,33,33
"396","RJF626",1727,"2021RJF626",153,165,165,"0",165,NA,"""D3E iButton deployed at 15:02. Band photo 100-0791","2021",2021-06-03,"incubate",12,165,12,165,141,5,17,29,29
"397","RJF627",1730,"2021RJF627",153,165,165,"0",165,NA,"E79 iButton deployed at 15:56. Tarsal code GAG?","2021",2021-06-12,"incubate",21,165,3,165,141,5,17,29,29
"398","RJF628",1732,"2021RJF628",154,170,170,"0",170,NA,"DD9 iButton deployed at 14:40. Photo DSC_6113-6114","2021",2021-06-18,"incubate",23,169,1,170,146,10,18,34,34
"399","RJF629",1695,"2021RJF629",154,177,177,"0",177,NA,"""B50 iButton deployed at 15:23. partial down. 1 runt egg. Eggs seem larger than normal. PTT bird!!!. DSC_6157","2021",2021-06-24,"incubate",21,177,3,177,153,17,18,41,41
"400","RJF630",1658,"2021RJF630",154,154,165,"1",0,NA,"22C iButton deployed at 18:11","2021",NA,NA,NA,NA,NA,NA,155,19,18,18,29
"401","RJF631",1735,"2021RJF631",155,171,171,"0",171,NA,"""7D5 iButton deployed at 1208. Near plot 26","2021",2021-06-05,"incubate",8,171,16,171,147,11,19,35,35
"402","RJF632",1750,"2021RJF632",158,164,164,"0",164,NA,"0D8 iButton deployed at 12:00.","2021",2021-06-08,"incubate",18,164,6,164,140,4,22,28,28
"403","RJF633",1746,"2021RJF633",158,173,173,"0",173,NA,"21D iButton deployed at 12:26.","2021",2021-06-08,"incubate",11,171,13,173,149,13,22,37,37
"404","RJF634",1748,"2021RJF634",158,176,176,"0",176,NA,"28D iButton deployed at 12:18","2021",2021-06-21,"incubate",20,175,4,176,152,16,22,40,40
"405","RJF636",1687,"2021RJF636",158,164,164,"0",164,NA,"""No iButton","2021",2021-06-11,"incubate",21,164,3,164,140,4,22,28,28
"406","RJF637",1685,"2021RJF637",158,164,164,"0",164,NA,"46C iButton deployed at 16:01. Near plot 42. Possible banded SPEI with tarsal.","2021",2021-06-08,"incubate",20,162,4,164,140,4,22,28,28
"407","RJF638",1661,"2021RJF638",158,172,172,"0",172,NA,"Ran out of iButtons.","2021",2021-06-12,"incubate",16,170,8,172,148,12,22,36,36
"408","RJF639",1751,"2021RJF639",158,168,168,"0",168,NA,"No iButton. Near plot 42 (East side).","2021",2021-06-08,"incubate",15,167,9,168,144,8,22,32,32
"409","RJF640",1688,"2021RJF640",158,169,169,"0",169,NA,"136 iButton deployed at 17:13. Egg #2 cracked.","2021",2021-06-08,"incubate",15,167,9,169,145,9,22,33,33
"410","RJF641",1752,"2021RJF641",160,169,169,"0",169,NA,"F72 iButton deployed at 18:29.","2021",2021-06-19,"incubate",24,169,0,169,145,9,24,33,33
"411","RJF642",1690,"2021RJF642",162,178,178,"0",178,NA,"ED2 iButton deployed at 20:32. No band on right leg. Left leg unknown.","2021",2021-06-26,"incubate",23,177,1,178,154,18,26,42,42
"412","RJF643",1680,"2021RJF643",163,170,170,"0",170,NA,"iButton EAA deployed at 15:09. Image DSC_7742. 1 CCGO egg in nest. Egg #1 cracked and still active.","2021",2021-06-16,"incubate",20,170,4,170,146,10,27,34,34
"413","RJF646",1743,"2021RJF646",166,173,173,"0",173,NA,"13F iButton deployed at 14:20","2021",2021-06-22,"incubate",NA,NA,NA,173,149,13,30,37,37
"414","RJF647",1681,"2021RJF647",167,178,178,"0",178,NA,"03B iButton deployed at 9:44. New bird. No band. Flushed to confrim unbanded.","2021",2021-06-28,"incubate",NA,NA,NA,178,154,18,31,42,42
"415","RJF648",1744,"2021RJF648",170,171,171,"0",171,NA,NA,"2021",2021-06-20,"incubate",23,171,1,171,147,11,34,35,35
"416","SJZ001",200,"2024SJZ001",159,159,175,"1",0,NA,NA,"2024",2024-06-08,"incubate",8,175,16,175,151,15,23,23,39
"417","SJZ002",242,"2024SJZ002",161,178,178,"0",178,NA,NA,"2024",2024-06-23,"incubate",21,177,3,178,154,18,25,42,42
"418","SJZ003",256,"2024SJZ003",163,178,178,"0",178,NA,NA,"2024",2024-06-12,"incubate",11,176,13,178,154,18,27,42,42
"419","SJZ004",289,"2024SJZ004",164,164,176,"1",0,NA,NA,"2024",2024-06-13,"incubate",18,170,6,170,146,10,28,28,40
"420","SJZ005",293,"2024SJZ005",165,181,181,"0",181,NA,NA,"2024",2024-06-29,"incubate",-9,213,33,181,157,21,29,45,45
"421","SJZ006",298,"2024SJZ006",167,175,175,"0",175,NA,NA,"2024",2024-06-19,"incubate",21,173,3,175,151,15,31,39,39
"422","SJZ007",300,"2024SJZ007",168,180,180,"0",180,NA,NA,"2024",2024-06-29,"incubate",23,181,1,180,156,20,32,44,44
"423","SJZ008",308,"2024SJZ008",170,189,189,"0",189,NA,NA,"2024",2024-06-21,"incubate",11,185,13,189,165,29,34,53,53
"424","TCD001",1532,"2019TCD001",138,158,158,"0",158,NA,NA,"2019",2019-05-19,"incubate",3,159,21,158,134,-2,2,22,22
"425","TCD002",1525,"2019TCD002",139,158,158,"0",158,NA,NA,"2019",2019-06-04,"incubate",23,155,1,158,134,-2,3,22,22
"426","TCD003",1526,"2019TCD003",140,159,159,"0",159,NA,NA,"2019",2019-06-06,"incubate",21,159,3,159,135,-1,4,23,23
"427","TCD004",1527,"2019TCD004",143,165,165,"0",165,NA,NA,"2019",2019-06-09,"incubate",20,163,4,165,141,5,7,29,29
"428","TCD005",1528,"2019TCD005",143,165,165,"0",165,NA,NA,"2019",2019-06-10,"incubate",21,163,3,165,141,5,7,29,29
"429","TCD006",1529,"2019TCD006",143,144,160,"1",0,NA,NA,"2019",2019-05-25,"incubate",8,160,16,160,136,0,7,8,24
"430","TCD007",1530,"2019TCD007",143,157,177,"1",0,NA,NA,"2019",2019-06-07,"incubate",20,161,4,161,137,1,7,21,41
"431","TCD008",1531,"2019TCD008",143,167,167,"0",167,NA,NA,"2019",2019-06-12,"incubate",21,165,3,167,143,7,7,31,31
"432","TCD009",1533,"2019TCD009",146,146,164,"1",0,NA,NA,"2019",2019-05-27,"laying",2,168,22,168,144,8,10,10,28
"433","TCD011",1534,"2019TCD011",146,167,167,"0",167,NA,NA,"2019",2019-05-27,"laying",2,168,22,167,143,7,10,31,31
"434","TCD012",1535,"2019TCD012",156,170,170,"0",170,NA,NA,"2019",2019-06-08,"incubate",18,164,6,170,146,10,20,34,34
"435","TCD013",1536,"2019TCD013",147,165,170,"1",0,NA,NA,"2019",2019-06-01,"incubate",12,163,12,163,139,3,11,29,34
"436","TCD014",1537,"2019TCD014",147,155,155,"0",155,NA,NA,"2019",2019-05-28,"incubate",2,169,22,155,131,-5,11,19,19
"437","TCD015",1538,"2019TCD015",147,162,162,"0",162,NA,NA,"2019",2019-06-05,"incubate",18,161,6,162,138,2,11,26,26
"438","TCD016",1539,"2019TCD016",148,170,170,"0",170,NA,"NEST LATER DOUBLE RECORDED AS AGB084 AS TY DID NOT MARK IT; AGB084 RECORDS CHANGED TO TCD016","2019",2019-06-03,"incubate",2,175,22,170,146,10,12,34,34
"439","TCD017",1540,"2019TCD017",148,170,170,"0",170,NA,"NEST SO NICE IT WAS FOUND TWICE: JMT252 SAME AS TCD017. ALL JMT252 CHANGED TO TCD017","2019",2019-06-02,"incubate",NA,NA,NA,170,146,10,12,34,34
"440","TCD018",1541,"2019TCD018",151,167,170,"1",0,NA,NA,"2019",2019-06-08,"incubate",12,170,12,170,146,10,15,31,34
"441","TCD019",1542,"2019TCD019",151,165,166,"1",0,NA,NA,"2019",2019-06-08,"incubate",NA,NA,NA,169,145,9,15,29,30
"442","TCD020",1543,"2019TCD020",151,151,157,"1",0,NA,NA,"2019",2019-06-01,"incubate",2,173,22,173,149,13,15,15,21
"443","TCD021",1544,"2019TCD021",151,157,166,"1",0,NA,"iButton data show bird never returned to nest","2019",2019-06-07,"incubate",NA,NA,NA,NA,150,14,15,21,30
"444","TCD022",1545,"2019TCD022",151,151,169,"1",0,NA,NA,"2019",2019-06-01,"incubate",8,167,16,167,143,7,15,15,33
"445","TCD023",1546,"2019TCD023",151,169,169,"0",169,NA,NA,"2019",2019-06-05,"incubate",11,168,13,169,145,9,15,33,33
"446","TCD027",1585,"2019TCD027",155,161,161,"0",161,NA,NA,"2019",2019-06-07,"incubate",21,160,3,161,137,1,19,25,25
"447","TCD028",1511,"2019TCD028",158,164,164,"0",164,NA,NA,"2019",NA,NA,NA,NA,NA,164,140,4,22,28,28
"448","TCD029",1512,"2019TCD029",158,158,171,"1",0,NA,NA,"2019",NA,NA,NA,NA,NA,NA,157,21,22,22,35
"449","TCD031",1516,"2019TCD031",159,170,170,"0",170,NA,NA,"2019",NA,NA,NA,NA,NA,170,146,10,23,34,34
"450","TCD032",1517,"2019TCD032",159,162,162,"0",162,NA,NA,"2019",2019-06-09,"incubate",21,162,3,162,138,2,23,26,26
"451","TDM001",1797,"2022TDM001",148,148,149,"1",0,NA,"iButton 2C7 at 15:46","2022",2022-05-29,"incubate",2,170,22,170,146,10,12,12,13
"452","TDM002",1798,"2022TDM002",148,148,149,"1",0,NA,"No iButton.","2022",2022-05-29,"incubate",3,169,21,169,145,9,12,12,13
"453","TDM005",1801,"2022TDM005",161,176,176,"0",176,NA,"iButton D4F deployed at 14:35.","2022",2022-06-18,"incubate",21,171,3,176,152,16,25,40,40
"454","TDM006",1802,"2022TDM006",164,165,166,"1",0,NA,"""iButton E9C deployed at 15:19. Banded","2022",2022-06-14,"incubate",4,184,20,184,160,24,28,29,30
"455","THK001",233,"2023THK001",154,173,173,"0",173,NA,NA,"2023",2023-06-19,"incubate",23,170,1,173,149,13,18,37,37
"456","THK002",276,"2023THK002",156,172,172,"0",172,NA,NA,"2023",2023-06-06,"incubate",12,168,12,172,148,12,20,36,36
"457","THK003",277,"2023THK003",156,168,168,"0",168,NA,NA,"2023",2023-06-15,"incubate",22,167,2,168,144,8,20,32,32
"458","THK004",290,"2023THK004",157,170,170,"0",170,NA,NA,"2023",2023-06-20,"incubate",24,170,0,170,146,10,21,34,34
"459","THK005",291,"2023THK005",157,173,173,"0",173,NA,NA,"2023",2023-06-07,"incubate",12,169,12,173,149,13,21,37,37
"460","THK006",302,"2023THK006",159,159,164,"1",0,NA,"nest temp data are not accurate","2023",2023-06-09,"incubate",15,168,9,168,144,8,23,23,28
"461","THK007",306,"2023THK007",161,171,171,"0",171,NA,NA,"2023",2023-06-11,"incubate",19,166,5,171,147,11,25,35,35
"462","THK008",315,"2023THK008",162,177,177,"0",177,NA,NA,"2023",2023-06-27,"incubate",23,178,1,177,153,17,26,41,41
"463","THK009",321,"2023THK009",163,170,170,"0",170,NA,NA,"2023",2023-06-16,"incubate",23,167,1,170,146,10,27,34,34
"464","THK011",337,"2023THK011",168,183,183,"0",183,NA,NA,"2023",2023-06-28,"incubate",19,183,5,183,159,23,32,47,47
"465","THK012",338,"2023THK012",168,182,182,"0",182,NA,NA,"2023",2023-06-28,"incubate",21,181,3,182,158,22,32,46,46
